code;oblast;name;pop_number
500000000;Вінницька;Вінницька область;1545416
510100000;Вінницька;м. Вінниця;370707
510300000;Вінницька;м. Жмеринка;34353
510400000;Вінницька;м. Могилів-Подільський (міськрада);30564
510410100;Вінницька;м. Могилів-Подільський;30389
510500000;Вінницька;м. Козятин (міськрада);23926
510510100;Вінницька;м. Козятин;22951
510541000;Вінницька;смт Залізничне;975
510600000;Вінницька;м. Ладижин (міськрада);23760
510610100;Вінницька;м. Ладижин;22589
510900000;Вінницька;м. Хмільник;27398
520200000;Вінницька;Барський район;50000
520210100;Вінницька;м. Бар;15775
520255300;Вінницька;смт Копайгород;1243
520400000;Вінницька;Бершадський район;56776
520410100;Вінницька;м. Бершадь;12552
520600000;Вінницька;Вінницький район;81278
520655300;Вінницька;смт Вороновиця;6433
520655500;Вінницька;смт Десна;1287
520655900;Вінницька;смт Стрижавка;9232
520800000;Вінницька;Гайсинський район;55331
520810100;Вінницька;м. Гайсин;25818
521000000;Вінницька;Жмеринський район;32552
521055300;Вінницька;смт Браїлів;4515
521200000;Вінницька;Іллінецький район;36249
521210100;Вінницька;м. Іллінці;11219
521255400;Вінницька;смт Дашів;3822
521400000;Вінницька;Козятинський район;37618
521455300;Вінницька;смт Бродецьке;2111
521455500;Вінницька;смт Глухівці;3212
521600000;Вінницька;Калинівський район;56268
521610100;Вінницька;м. Калинівка;18832
521900000;Вінницька;Крижопільський район;32134
521955100;Вінницька;смт Крижопіль;8664
522200000;Вінницька;Липовецький район;36123
522210100;Вінницька;м. Липовець;8181
522255500;Вінницька;смт Турбів;6214
522400000;Вінницька;Літинський район;33691
522455100;Вінницька;смт Літин;6625
522600000;Вінницька;Могилів-Подільський район;31793
522655500;Вінницька;смт Вендичани;3734
522800000;Вінницька;Мурованокуриловецький район;23971
522855100;Вінницька;смт Муровані Курилівці;5820
523000000;Вінницька;Немирівський район;46906
523010100;Вінницька;м. Немирів;11588
523055300;Вінницька;смт Брацлав;5092
523055600;Вінницька;смт Ситківці;2215
523100000;Вінницька;Оратівський район;19809
523155100;Вінницька;смт Оратів;2771
523200000;Вінницька;Піщанський район;20021
523255100;Вінницька;смт Піщанка;5303
523255400;Вінницька;смт Рудниця;1129
523400000;Вінницька;Погребищенський район;28321
523410100;Вінницька;м. Погребище;9514
523700000;Вінницька;Теплицький район;26946
523755100;Вінницька;смт Теплик;6239
523900000;Вінницька;Томашпільський район;31944
523955100;Вінницька;смт Томашпіль;5435
523955400;Вінницька;смт Вапнярка;7412
524100000;Вінницька;Тростянецький район;34304
524155100;Вінницька;смт Тростянець;7496
524300000;Вінницька;Тульчинський район;53426
524310100;Вінницька;м. Тульчин;14871
524355300;Вінницька;смт Кирнасівка;4929
524355600;Вінницька;смт Шпиків;3045
524500000;Вінницька;Тиврівський район;40873
524510500;Вінницька;м. Гнівань;12330
524555100;Вінницька;смт Тиврів;3933
524555700;Вінницька;смт Сутиски;5976
524800000;Вінницька;Хмільницький район;34576
524900000;Вінницька;Чернівецький район;20209
524955100;Вінницька;смт Чернівці;2622
525000000;Вінницька;Чечельницький район;20120
525055100;Вінницька;смт Чечельник;4920
525300000;Вінницька;Шаргородський район;55359
525310100;Вінницька;м. Шаргород;7035
525600000;Вінницька;Ямпільський район;38110
525610100;Вінницька;м. Ямпіль;10879
700000000;Волинська;Волинська область;1031421
710100000;Волинська;м. Луцьк;217315
710200000;Волинська;м. Володимир-Волинський;38340
710400000;Волинська;м. Ковель;68240
710700000;Волинська;м. Нововолинськ (міськрада);55676
710710100;Волинська;м. Нововолинськ;51010
710745300;Волинська;смт Благодатне;4666
720500000;Волинська;Володимир-Волинський район;24545
720510400;Волинська;м. Устилуг;2096
720800000;Волинська;Горохівський район;50220
720810100;Волинська;м. Горохів;9053
720810300;Волинська;м. Берестечко;1694
720855400;Волинська;смт Мар'янівка;2736
720855700;Волинська;смт Сенкевичівка;1257
721100000;Волинська;Іваничівський район;31231
721155100;Волинська;смт Іваничі;6394
721400000;Волинська;Камінь-Каширський район;63919
721410100;Волинська;м. Камінь-Каширський;12477
721800000;Волинська;Ківерцівський район;63576
721810100;Волинська;м. Ківерці;13971
721855400;Волинська;смт Олика;3046
721855700;Волинська;смт Цумань;6592
722100000;Волинська;Ковельський район;40395
722155300;Волинська;смт Голоби;4009
722155700;Волинська;смт Люблинець;4518
722400000;Волинська;Локачинський район;21586
722455100;Волинська;смт Локачі;3775
722800000;Волинська;Луцький район;66875
722855200;Волинська;смт Рокині;1492
722855400;Волинська;смт Торчин;4555
723100000;Волинська;Любешівський район;35134
723155100;Волинська;смт Любешів;5710
723300000;Волинська;Любомльський район;38578
723310100;Волинська;м. Любомль;10425
723355300;Волинська;смт Головне;2972
723600000;Волинська;Маневицький район;53481
723655100;Волинська;смт Маневичі;10725
723655400;Волинська;смт Колки;4004
724200000;Волинська;Ратнівський район;51817
724255100;Волинська;смт Ратне;9737
724255300;Волинська;смт Заболоття;4408
724500000;Волинська;Рожищенський район;38359
724510100;Волинська;м. Рожище;12710
724555300;Волинська;смт Дубище;1940
725000000;Волинська;Старовижівський район;29660
725055100;Волинська;смт Стара Вижівка;5127
725500000;Волинська;Турійський район;25889
725555100;Волинська;смт Турійськ;5836
725555400;Волинська;смт Луків;3081
725700000;Волинська;Шацький район;16585
725755100;Волинська;смт Шацьк;5268
1200000000;Дніпропетровська;Дніпропетровська область;3176648
1210100000;Дніпропетровська;м. Дніпро (міськрада);993220
1210110100;Дніпропетровська;м. Дніпро;990724
1210141000;Дніпропетровська;смт Авіаторське;2496
1210200000;Дніпропетровська;м. Вільногірськ;22675
1210400000;Дніпропетровська;м. Кам’янське (міськрада);238832
1210410100;Дніпропетровська;м. Кам’янське;231915
1210465300;Дніпропетровська;смт Карнаухівка;6645
1210700000;Дніпропетровська;м. Жовті Води (міськрада);44320
1210710100;Дніпропетровська;м. Жовті Води;43591
1211000000;Дніпропетровська;м. Кривий Ріг (міськрада);622012
1211010100;Дніпропетровська;м. Кривий Ріг;619278
1211300000;Дніпропетровська;м. Марганець (міськрада);47064
1211310100;Дніпропетровська;м. Марганець;46097
1211345400;Дніпропетровська;смт Мар'ївка;354
1211600000;Дніпропетровська;м. Нікополь;109122
1211900000;Дніпропетровська;м. Новомосковськ;70357
1212100000;Дніпропетровська;м. Покров (міськрада);40226
1212110100;Дніпропетровська;м. Покров;38570
1212145300;Дніпропетровська;смт Гірницьке;348
1212145700;Дніпропетровська;смт Чортомлик;1308
1212400000;Дніпропетровська;м. Павлоград;104225
1212600000;Дніпропетровська;м. Першотравенськ;27892
1213000000;Дніпропетровська;м. Синельникове;30321
1213500000;Дніпропетровська;м. Тернівка (міськрада);27650
1213510100;Дніпропетровська;м. Тернівка;27635
1220300000;Дніпропетровська;Апостолівський район;52509
1220310100;Дніпропетровська;м. Апостолове;13455
1220310300;Дніпропетровська;м. Зеленодольськ;13056
1220700000;Дніпропетровська;Васильківський район;31093
1220755100;Дніпропетровська;смт Васильківка;11539
1220755400;Дніпропетровська;смт Письменне;1178
1220755700;Дніпропетровська;смт Чаплине;3719
1221000000;Дніпропетровська;Верхньодніпровський район;51469
1221010100;Дніпропетровська;м. Верхньодніпровськ;15915
1221010300;Дніпропетровська;м. Верхівцеве;10148
1221055400;Дніпропетровська;смт Дніпровське;5486
1221055800;Дніпропетровська;смт Новомиколаївка;3927
1221400000;Дніпропетровська;Дніпровський район;83879
1221411000;Дніпропетровська;м. Підгородне;19526
1221455400;Дніпропетровська;смт Обухівка;9224
1221455800;Дніпропетровська;смт Слобожанське;13889
1221800000;Дніпропетровська;Криворізький район;43807
1221855500;Дніпропетровська;смт Радушне;3851
1221855800;Дніпропетровська;смт Христофорівка;1369
1222000000;Дніпропетровська;Криничанський район;34133
1222055100;Дніпропетровська;смт Кринички;4100
1222055300;Дніпропетровська;смт Аули;4071
1222055700;Дніпропетровська;смт Божедарівка;2738
1222300000;Дніпропетровська;Магдалинівський район;32844
1222355100;Дніпропетровська;смт Магдалинівка;6232
1222600000;Дніпропетровська;Межівський район;22579
1222655100;Дніпропетровська;смт Межова;7251
1222655400;Дніпропетровська;смт Демурине;998
1222900000;Дніпропетровська;Нікопольський район;38879
1222955700;Дніпропетровська;смт Червоногригорівка;6194
1223200000;Дніпропетровська;Новомосковський район;71613
1223210500;Дніпропетровська;м. Перещепине;9805
1223255300;Дніпропетровська;смт Гвардійське;6150
1223255600;Дніпропетровська;смт Губиниха;5406
1223255800;Дніпропетровська;смт Меліоративне;4068
1223256200;Дніпропетровська;смт Черкаське;4226
1223500000;Дніпропетровська;Павлоградський район;26723
1223700000;Дніпропетровська;Петриківський район;24479
1223755100;Дніпропетровська;смт Петриківка;4520
1223756800;Дніпропетровська;смт Курилівка;2491
1223757100;Дніпропетровська;смт Миколаївка;1173
1223800000;Дніпропетровська;Петропавлівський район;25119
1223855100;Дніпропетровська;смт Петропавлівка;6834
1223855300;Дніпропетровська;смт Залізничне;203
1224200000;Дніпропетровська;Покровський район;33134
1224255100;Дніпропетровська;смт Покровське;9739
1224255400;Дніпропетровська;смт Просяна;4760
1224500000;Дніпропетровська;П'ятихатський район;43469
1224510100;Дніпропетровська;м. П'ятихатки;18619
1224555300;Дніпропетровська;смт Вишневе;2326
1224555600;Дніпропетровська;смт Лихівка;1931
1224800000;Дніпропетровська;Синельниківський район;36845
1224855300;Дніпропетровська;смт Іларіонове;8838
1224855600;Дніпропетровська;смт Роздори;1695
1224855900;Дніпропетровська;смт Сад;494
1224856200;Дніпропетровська;смт Славгород;2143
1225000000;Дніпропетровська;Солонянський район;37429
1225055100;Дніпропетровська;смт Солоне;7487
1225055400;Дніпропетровська;смт Новопокровка;1775
1225200000;Дніпропетровська;Софіївський район;20562
1225255100;Дніпропетровська;смт Софіївка;6527
1225400000;Дніпропетровська;Томаківський район;23749
1225455100;Дніпропетровська;смт Томаківка;6732
1225600000;Дніпропетровська;Царичанський район;26079
1225655100;Дніпропетровська;смт Царичанка;7286
1225800000;Дніпропетровська;Широківський район;25696
1225855100;Дніпропетровська;смт Широке;9925
1225900000;Дніпропетровська;Юр'ївський район;12643
1225955100;Дніпропетровська;смт Юр'ївка;2172
1400000000;Донецька;Донецька область;4131808
1410100000;Донецька;м. Донецьк (міськрада);924211
1410110100;Донецька;м. Донецьк;908456
1410160500;Донецька;м. Моспине;10518
1410166300;Донецька;смт Горбачево-Михайлівка;917
1410167600;Донецька;смт Ларине;2763
1410200000;Донецька;м. Авдіївка;32436
1410300000;Донецька;м. Бахмут (міськрада);73824
1410310100;Донецька;м. Бахмут;73212
1410345600;Донецька;смт Красна Гора;612
1410600000;Донецька;м. Горлівка (міськрада);258814
1410610100;Донецька;м. Горлівка;242224
1410665300;Донецька;смт Гольмівський;6799
1410666700;Донецька;смт Пантелеймонівка;7786
1410900000;Донецька;м. Дебальцеве;24438
1411200000;Донецька;м. Торецьк (міськрада);67394
1411210100;Донецька;м. Торецьк;32027
1411245300;Донецька;смт Північне;9360
1411245600;Донецька;смт Курдюмівка;762
1411245900;Донецька;смт Південне;1458
1411246200;Донецька;смт Неліпівка;1013
1411246500;Донецька;смт Новгородське;10064
1411246800;Донецька;смт Петрівка;1040
1411247200;Донецька;смт Щербинівка;3373
1411270300;Донецька;м. Залізне;5105
1411300000;Донецька;м. Мирноград (міськрада);48464
1411310100;Донецька;м. Мирноград;47460
1411500000;Донецька;м. Добропілля (міськрада);59486
1411510100;Донецька;м. Добропілля;29129
1411545300;Донецька;смт Водянське;1436
1411545600;Донецька;смт Новодонецьке;5734
1411570300;Донецька;м. Білицьке;8047
1411570500;Донецька;м. Білозерське;15099
1411600000;Донецька;м. Докучаєвськ (міськрада);23728
1411610100;Донецька;м. Докучаєвськ;22959
1411700000;Донецька;м. Дружківка (міськрада);65087
1411710100;Донецька;м. Дружківка;55984
1411745300;Донецька;смт Олексієво-Дружківка;7148
1411745600;Донецька;смт Новогригорівка;337
1411745800;Донецька;смт Новомиколаївка;84
1411746200;Донецька;смт Райське;812
1412000000;Донецька;м. Єнакієве (міськрада);104957
1412010100;Донецька;м. Єнакієве;77355
1412045900;Донецька;смт Дружне;676
1412046500;Донецька;смт Софіївка;9575
1412046800;Донецька;смт Корсунь;2574
1412070700;Донецька;м. Бунге;13565
1412100000;Донецька;м. Жданівка (міськрада);12774
1412110100;Донецька;м. Жданівка;11959
1412147000;Донецька;смт Вільхівка;726
1412300000;Донецька;м. Маріуполь (міськрада);457439
1412310100;Донецька;м. Маріуполь;436569
1412365300;Донецька;смт Сартана;10240
1412365600;Донецька;смт Старий Крим;5858
1412365800;Донецька;смт Талаківка;3926
1412500000;Донецька;м. Хрестівка;27503
1412600000;Донецька;м. Костянтинівка;69817
1412900000;Донецька;м. Краматорськ (міськрада);185115
1412910100;Донецька;м. Краматорськ;152120
1412945300;Донецька;смт Олександрівка;424
1412945600;Донецька;смт Біленьке;9371
1412945900;Донецька;смт Комишуваха;507
1412946200;Донецька;смт Красноторка;2905
1412946500;Донецька;смт Малотаранівка;3762
1412946800;Донецька;смт Софіївка;894
1412947100;Донецька;смт Шабельківка;4214
1412947400;Донецька;смт Ясна Поляна;2227
1412947700;Донецька;смт Ясногірка;7960
1413200000;Донецька;м. Покровськ (міськрада);73513
1413210100;Донецька;м. Покровськ;61770
1413245400;Донецька;смт Шевченко;1677
1413270600;Донецька;м. Родинське;10066
1413300000;Донецька;м. Лиман (міськрада);41720
1413310100;Донецька;м. Лиман;20768
1413355400;Донецька;смт Дробишеве;2691
1413355700;Донецька;смт Зарічне;2464
1413356000;Донецька;смт Новоселівка;1261
1413356400;Донецька;смт Ямпіль;1977
1413356600;Донецька;смт Ярова;1877
1413500000;Донецька;м. Макіївка (міськрада);378740
1413510100;Донецька;м. Макіївка;341362
1413565300;Донецька;смт Землянки;1697
1413565700;Донецька;смт Ясинівка;3595
1413566200;Донецька;смт Велике Оріхове;592
1413566500;Донецька;смт Нижня Кринка;13589
1413567000;Донецька;смт Лісне;133
1413567600;Донецька;смт Липське;891
1413567800;Донецька;смт Кринична;4469
1413568100;Донецька;смт Маяк;1174
1413569100;Донецька;смт Вугляр;1087
1413569200;Донецька;смт Високе;455
1413569300;Донецька;смт Грузько-Зорянське;1334
1413569400;Донецька;смт Грузько-Ломівка;614
1413569500;Донецька;смт Гусельське;458
1413569600;Донецька;смт Колосникове;598
1413569700;Донецька;смт Межове;1193
1413569800;Донецька;смт П'ятипілля;3156
1413569900;Донецька;смт Холодне;1430
1413600000;Донецька;м. Новогродівка;14481
1413800000;Донецька;м. Селидове (міськрада);49763
1413810100;Донецька;м. Селидове;22276
1413845300;Донецька;смт Вишневе;253
1413845600;Донецька;смт Комишівка;388
1413845900;Донецька;смт Курахівка;2726
1413846200;Донецька;смт Гостре;576
1413846500;Донецька;смт Цукурине;1784
1413870300;Донецька;м. Гірник;10725
1413870900;Донецька;м. Українськ;11035
1414100000;Донецька;м. Слов'янськ (міськрада);112732
1414110100;Донецька;м. Слов'янськ;108363
1414170500;Донецька;м. Святогірськ;4369
1414400000;Донецька;м. Сніжне (міськрада);67739
1414410100;Донецька;м. Сніжне;46092
1414445300;Донецька;смт Андріївка;2129
1414445600;Донецька;смт Бражине;312
1414445900;Донецька;смт Гірницьке;1158
1414446200;Донецька;смт Залісне;2399
1414446500;Донецька;смт Лиманчук;888
1414446800;Донецька;смт Никифорове;355
1414447100;Донецька;смт Первомайський;2788
1414447400;Донецька;смт Первомайське;500
1414447700;Донецька;смт Побєда;542
1414448000;Донецька;смт Сєверне;9847
1414700000;Донецька;м. Чистякове (міськрада);76798
1414710100;Донецька;м. Чистякове;53945
1414745400;Донецька;смт Пелагіївка;17846
1414745700;Донецька;смт Розсипне;5007
1414800000;Донецька;м. Вугледар;14616
1415000000;Донецька;м. Харцизьк (міськрада);100004
1415010100;Донецька;м. Харцизьк;56551
1415045600;Донецька;смт Благодатне;37
1415045900;Донецька;смт Гірне;3299
1415046200;Донецька;смт Зуївка;3087
1415046800;Донецька;смт Покровка;159
1415047200;Донецька;смт Троїцько-Харцизьк;919
1415047500;Донецька;смт Шахтне;778
1415047800;Донецька;смт Широке;729
1415070500;Донецька;м. Зугрес;17956
1415070800;Донецька;м. Іловайськ;15487
1415300000;Донецька;м. Шахтарськ (міськрада);58189
1415310100;Донецька;м. Шахтарськ;48547
1415345400;Донецька;смт Контарне;1427
1415345700;Донецька;смт Московське;626
1415346000;Донецька;смт Сердите;1933
1415346400;Донецька;смт Стіжківське;3890
1415500000;Донецька;м. Ясинувата;34394
1420300000;Донецька;Олександрівський район;17615
1420355100;Донецька;смт Олександрівка;3409
1420600000;Донецька;Амвросіївський район;43759
1420610100;Донецька;м. Амвросіївка;18090
1420655300;Донецька;смт Копані;1108
1420655600;Донецька;смт Кутейникове;1626
1420655900;Донецька;смт Новоамвросіївське;2122
1420900000;Донецька;Бахмутський район;105040
1420910200;Донецька;м. Вуглегірськ;7338
1420910400;Донецька;м. Сіверськ;11231
1420910600;Донецька;м. Світлодарськ;11421
1420910800;Донецька;м. Соледар;10867
1420911000;Донецька;м. Часів Яр;12756
1420955100;Донецька;смт Булавинське;3091
1420955200;Донецька;смт Зайцеве;3969
1420955400;Донецька;смт Луганське;2177
1420955500;Донецька;смт Миронівський;7472
1420955600;Донецька;смт Олександрівське;1530
1420955800;Донецька;смт Оленівка;751
1420956000;Донецька;смт Ольховатка;2994
1420956200;Донецька;смт Прибережне;152
1421200000;Донецька;Великоновосілківський район;37144
1421255100;Донецька;смт Велика Новосілка;5481
1421500000;Донецька;Волноваський район;95805
1421510100;Донецька;м. Волноваха;21678
1421555100;Донецька;смт Андріївка;2582
1421555300;Донецька;смт Благодатне;1088
1421555600;Донецька;смт Володимирівка;6263
1421555900;Донецька;смт Донське;4713
1421556500;Донецька;смт Графське;392
1421556600;Донецька;смт Мирне;1679
1421556800;Донецька;смт Новотроїцьке;6535
1421557100;Донецька;смт Оленівка;4534
1421557200;Донецька;смт Ольгинка;3027
1421700000;Донецька;Нікольський район;27337
1421755100;Донецька;смт Нікольське;7948
1422000000;Донецька;Добропільський район;14901
1422055500;Донецька;смт Святогорівка;1862
1422400000;Донецька;Костянтинівський район;17166
1422700000;Донецька;Покровський район;29449
1422755300;Донецька;смт Гродівка;2386
1422755600;Донецька;смт Новоекономічне;2843
1422756300;Донецька;смт Удачне;1675
1423000000;Донецька;Лиманський район;21799
1423300000;Донецька;Мар'їнський район;79117
1423310100;Донецька;м. Мар'їнка;9376
1423310400;Донецька;м. Красногорівка;15055
1423310600;Донецька;м. Курахове;18782
1423355300;Донецька;смт Олександрівка;3915
1423355600;Донецька;смт Іллінка;430
1423356200;Донецька;смт Старомихайлівка;5120
1423600000;Донецька;Новоазовський район;26952
1423610100;Донецька;м. Новоазовськ;11147
1423655400;Донецька;смт Сєдове;2588
1423900000;Донецька;Мангушський район;25524
1423955100;Донецька;смт Мангуш;7937
1423955500;Донецька;смт Ялта;4903
1424200000;Донецька;Слов'янський район;45917
1424210800;Донецька;м. Миколаївка;14564
1424255300;Донецька;смт Андріївка;820
1424255600;Донецька;смт Билбасівка;5917
1424255900;Донецька;смт Донецьке;597
1424256200;Донецька;смт Райгородок;3300
1424256500;Донецька;смт Черкаське;3256
1424500000;Донецька;Старобешівський район;49313
1424510400;Донецька;м. Кальміуське;11469
1424555100;Донецька;смт Старобешеве;6071
1424555400;Донецька;смт Новий Світ;9024
1424800000;Донецька;Бойківський район;13773
1424855100;Донецька;смт Бойківське;4271
1425200000;Донецька;Шахтарський район;18878
1425500000;Донецька;Ясинуватський район;25942
1425555200;Донецька;смт Верхньоторецьке;2884
1425555300;Донецька;смт Желанне;1303
1425555600;Донецька;смт Керамік;349
1425555900;Донецька;смт Очеретине;3449
1800000000;Житомирська;Житомирська область;1208212
1810100000;Житомирська;м. Житомир;264318
1810400000;Житомирська;м. Бердичів;74839
1810700000;Житомирська;м. Коростень;62833
1810900000;Житомирська;м. Малин;25831
1811000000;Житомирська;м. Новоград-Волинський;55790
1820300000;Житомирська;Андрушівський район;32030
1820310100;Житомирська;м. Андрушівка;8517
1820355600;Житомирська;смт Червоне;2798
1820600000;Житомирська;Баранівський район;38510
1820610100;Житомирська;м. Баранівка;11497
1820655400;Житомирська;смт Довбиш;4209
1820655700;Житомирська;смт Кам'яний Брід;2473
1820655900;Житомирська;смт Мар'янівка;1459
1820656000;Житомирська;смт Першотравенськ;3361
1820656300;Житомирська;смт Полянка;1613
1820800000;Житомирська;Бердичівський район;27587
1820855300;Житомирська;смт Гришківці;4181
1820900000;Житомирська;Брусилівський район;14539
1820955100;Житомирська;смт Брусилів;4785
1821100000;Житомирська;Хорошівський район;33828
1821155100;Житомирська;смт Хорошів;7579
1821155400;Житомирська;смт Іршанськ;6515
1821155700;Житомирська;смт Нова Борова;5479
1821400000;Житомирська;Романівський район;27334
1821455100;Житомирська;смт Романів;7416
1821455300;Житомирська;смт Биківка;1710
1821455600;Житомирська;смт Миропіль;4569
1821700000;Житомирська;Ємільчинський район;31615
1821755100;Житомирська;смт Ємільчине;6434
1821756000;Житомирська;смт Яблунець;1107
1822000000;Житомирська;Житомирський район;72213
1822055300;Житомирська;смт Гуйва;1635
1822055600;Житомирська;смт Новогуйвинське;5221
1822055900;Житомирська;смт Озерне;5770
1822300000;Житомирська;Коростенський район;25297
1822500000;Житомирська;Коростишівський район;39432
1822510100;Житомирська;м. Коростишів;24822
1822800000;Житомирська;Лугинський район;15691
1822855100;Житомирська;смт Лугини;3950
1822856000;Житомирська;смт Миролюбів;596
1823100000;Житомирська;Любарський район;26032
1823155100;Житомирська;смт Любар;2056
1823400000;Житомирська;Малинський район;18010
1823455200;Житомирська;смт Гранітне;1403
1823455400;Житомирська;смт Чоповичі;1827
1823700000;Житомирська;Народицький район;9458
1823755100;Житомирська;смт Народичі;2867
1824000000;Житомирська;Новоград-Волинський район;43789
1824055600;Житомирська;смт Городниця;5256
1824200000;Житомирська;Овруцький район;53916
1824210100;Житомирська;м. Овруч;15551
1824255400;Житомирська;смт Першотравневе;2392
1824400000;Житомирська;Олевський район;40721
1824410100;Житомирська;м. Олевськ;10305
1824455200;Житомирська;смт Бучмани;652
1824455300;Житомирська;смт Діброва;123
1824455400;Житомирська;смт Дружба;493
1824456000;Житомирська;смт Новоозерянка;528
1824456200;Житомирська;смт Нові Білокоровичі;3061
1824700000;Житомирська;Попільнянський район;30106
1824755100;Житомирська;смт Попільня;5470
1824755400;Житомирська;смт Корнин;2027
1825000000;Житомирська;Радомишльський район;36069
1825010100;Житомирська;м. Радомишль;14109
1825055300;Житомирська;смт Біла Криниця;816
1825055500;Житомирська;смт Городок;2762
1825200000;Житомирська;Ружинський район;25520
1825255100;Житомирська;смт Ружин;4418
1825400000;Житомирська;Пулинський район;22193
1825455100;Житомирська;смт Пулини;5267
1825600000;Житомирська;Черняхівський район;27464
1825655100;Житомирська;смт Черняхів;9330
1825655500;Житомирська;смт Головине;1819
1825800000;Житомирська;Чуднівський район;33247
1825810100;Житомирська;м. Чуднів;5494
1825855200;Житомирська;смт Вакуленчук;1885
1825855300;Житомирська;смт Великі Коровинці;2175
1825855600;Житомирська;смт Іванопіль;3064
2100000000;Закарпатська;Закарпатська область;1253791
2110100000;Закарпатська;м. Ужгород;115512
2110200000;Закарпатська;м. Берегове (міськрада);23868
2110210100;Закарпатська;м. Берегове;23571
2110400000;Закарпатська;м. Мукачево;85796
2110800000;Закарпатська;м. Хуст (міськрада);31612
2110810100;Закарпатська;м. Хуст;28321
2111000000;Закарпатська;м. Чоп;8819
2120400000;Закарпатська;Берегівський район;50196
2120455400;Закарпатська;смт Батьово;2974
2120800000;Закарпатська;Великоберезнянський район;26060
2120855100;Закарпатська;смт Великий Березний;7632
2121200000;Закарпатська;Виноградівський район;120795
2121210100;Закарпатська;м. Виноградів;25395
2121255300;Закарпатська;смт Вилок;3155
2121255600;Закарпатська;смт Королево;10260
2121500000;Закарпатська;Воловецький район;23709
2121555100;Закарпатська;смт Воловець;5077
2121555300;Закарпатська;смт Жденієво;1088
2121900000;Закарпатська;Іршавський район;100294
2121910100;Закарпатська;м. Іршава;9259
2122400000;Закарпатська;Міжгірський район;47360
2122455100;Закарпатська;смт Міжгір'я;9547
2122700000;Закарпатська;Мукачівський район;99518
2122755300;Закарпатська;смт Кольчино;4267
2122755500;Закарпатська;смт Чинадійово;6793
2123200000;Закарпатська;Перечинський район;31688
2123210100;Закарпатська;м. Перечин;6644
2123600000;Закарпатська;Рахівський район;92543
2123610100;Закарпатська;м. Рахів;15601
2123655500;Закарпатська;смт Великий Бичків;9203
2123655800;Закарпатська;смт Кобилецька Поляна;3498
2123656200;Закарпатська;смт Ясіня;8576
2124000000;Закарпатська;Свалявський район;54138
2124010100;Закарпатська;м. Свалява;17183
2124400000;Закарпатська;Тячівський район;175048
2124410100;Закарпатська;м. Тячів;8972
2124455300;Закарпатська;смт Буштино;8529
2124455600;Закарпатська;смт Дубове;9930
2124455900;Закарпатська;смт Солотвино;8585
2124456200;Закарпатська;смт Тересва;7585
2124456500;Закарпатська;смт Усть-Чорна;1564
2124800000;Закарпатська;Ужгородський район;71640
2124855500;Закарпатська;смт Середнє;4299
2125300000;Закарпатська;Хустський район;95195
2125355300;Закарпатська;смт Вишково;8269
2300000000;Запорізька;Запорізька область;1687401
2310100000;Запорізька;м. Запоріжжя;731922
2310400000;Запорізька;м. Бердянськ (міськрада);112236
2310410100;Запорізька;м. Бердянськ;109187
2310700000;Запорізька;м. Мелітополь;151948
2311000000;Запорізька;м. Токмак;30532
2312500000;Запорізька;м. Енергодар;53343
2320300000;Запорізька;Якимівський район;32490
2320355100;Запорізька;смт Якимівка;11403
2320355400;Запорізька;смт Кирилівка;3416
2320600000;Запорізька;Бердянський район;24274
2320655200;Запорізька;смт Андріївка;2701
2320900000;Запорізька;Василівський район;60962
2320910100;Запорізька;м. Василівка;12971
2320910400;Запорізька;м. Дніпрорудне;18231
2320955700;Запорізька;смт Степногірськ;4358
2321100000;Запорізька;Великобілозерський район;7644
2321200000;Запорізька;Веселівський район;20672
2321255100;Запорізька;смт Веселе;9654
2321500000;Запорізька;Вільнянський район;45621
2321510100;Запорізька;м. Вільнянськ;14809
2321555300;Запорізька;смт Кам'яне;1164
2321800000;Запорізька;Гуляйпільський район;25337
2321810100;Запорізька;м. Гуляйполе;13262
2321855300;Запорізька;смт Залізничне;1087
2322100000;Запорізька;Запорізький район;56364
2322155300;Запорізька;смт Балабине;5940
2322155600;Запорізька;смт Кушугум;7970
2322155900;Запорізька;смт Малокатеринівка;3303
2322400000;Запорізька;Кам'янсько-Дніпровський район;38365
2322410100;Запорізька;м. Кам'янка-Дніпровська;12472
2322700000;Запорізька;Більмацький район;20922
2322755100;Запорізька;смт Більмак;6609
2322755400;Запорізька;смт Комиш-Зоря;2147
2323000000;Запорізька;Мелітопольський район;48191
2323055500;Запорізька;смт Мирне;2921
2323300000;Запорізька;Михайлівський район;27862
2323355100;Запорізька;смт Михайлівка;11833
2323355400;Запорізька;смт Пришиб;3103
2323600000;Запорізька;Новомиколаївський район;15068
2323655100;Запорізька;смт Новомиколаївка;5137
2323655500;Запорізька;смт Тернувате;1282
2323900000;Запорізька;Оріхівський район;44114
2323910100;Запорізька;м. Оріхів;14278
2323955400;Запорізька;смт Комишуваха;5221
2324200000;Запорізька;Пологівський район;38636
2324210100;Запорізька;м. Пологи;18658
2324500000;Запорізька;Приазовський район;26280
2324555100;Запорізька;смт Приазовське;6510
2324555400;Запорізька;смт Нововасилівка;2229
2324800000;Запорізька;Приморський район;28866
2324810100;Запорізька;м. Приморськ;11497
2324900000;Запорізька;Розівський район;8277
2324955100;Запорізька;смт Розівка;3085
2325200000;Запорізька;Токмацький район;21330
2325210100;Запорізька;м. Молочанськ;6327
2325500000;Запорізька;Чернігівський район;16145
2325555100;Запорізька;смт Чернігівка;5721
2600000000;Івано-Франківська;Івано-Франківська область;1368097
2610100000;Івано-Франківська;м. Івано-Франківськ (міськрада);263359
2610110100;Івано-Франківська;м. Івано-Франківськ;237686
2610200000;Івано-Франківська;м. Болехів (міськрада);21182
2610210100;Івано-Франківська;м. Болехів;10399
2610300000;Івано-Франківська;м. Бурштин (міськрада);15328
2610310100;Івано-Франківська;м. Бурштин;14976
2610400000;Івано-Франківська;м. Калуш;66140
2610600000;Івано-Франківська;м. Коломия;61265
2611000000;Івано-Франківська;м. Яремче (міськрада);23186
2611010100;Івано-Франківська;м. Яремче;8044
2611040300;Івано-Франківська;смт Ворохта;4235
2620400000;Івано-Франківська;Богородчанський район;68952
2620455100;Івано-Франківська;смт Богородчани;8220
2620455500;Івано-Франківська;смт Солотвин;3780
2620800000;Івано-Франківська;Верховинський район;30479
2620855100;Івано-Франківська;смт Верховина;5812
2621200000;Івано-Франківська;Галицький район;41948
2621210100;Івано-Франківська;м. Галич;6193
2621255300;Івано-Франківська;смт Більшівці;1926
2621600000;Івано-Франківська;Городенківський район;51370
2621610100;Івано-Франківська;м. Городенка;9070
2621655700;Івано-Франківська;смт Чернелиця;1551
2622000000;Івано-Франківська;Долинський район;68266
2622010100;Івано-Франківська;м. Долина;20716
2622055300;Івано-Франківська;смт Вигода;2295
2622800000;Івано-Франківська;Калуський район;57409
2622855300;Івано-Франківська;смт Войнилів;2631
2623200000;Івано-Франківська;Коломийський район;96573
2623255200;Івано-Франківська;смт Гвіздець;1884
2623255400;Івано-Франківська;смт Отинія;5396
2623255700;Івано-Франківська;смт Печеніжин;5236
2623600000;Івано-Франківська;Косівський район;86615
2623610100;Івано-Франківська;м. Косів;8490
2623655400;Івано-Франківська;смт Кути;4051
2623655800;Івано-Франківська;смт Яблунів;2052
2624000000;Івано-Франківська;Надвірнянський район;114625
2624010100;Івано-Франківська;м. Надвірна;22522
2624055300;Івано-Франківська;смт Битків;4359
2624055900;Івано-Франківська;смт Делятин;8342
2624056200;Івано-Франківська;смт Ланчин;7884
2624400000;Івано-Франківська;Рогатинський район;38653
2624410100;Івано-Франківська;м. Рогатин;7716
2624455300;Івано-Франківська;смт Букачівці;1192
2624800000;Івано-Франківська;Рожнятівський район;71707
2624855100;Івано-Франківська;смт Рожнятів;3861
2624855400;Івано-Франківська;смт Брошнів-Осада;5517
2624855800;Івано-Франківська;смт Перегінське;12781
2625200000;Івано-Франківська;Снятинський район;63545
2625210100;Івано-Франківська;м. Снятин;9905
2625255300;Івано-Франківська;смт Заболотів;3968
2625600000;Івано-Франківська;Тлумацький район;45699
2625610100;Івано-Франківська;м. Тлумач;8805
2625655400;Івано-Франківська;смт Обертин;2978
2625800000;Івано-Франківська;Тисменицький район;81796
2625810100;Івано-Франківська;м. Тисмениця;9175
2625855300;Івано-Франківська;смт Єзупіль;2803
2625855600;Івано-Франківська;смт Лисець;2908
3200000000;Київська;Київська область;1781044
3210300000;Київська;м. Біла Церква;209238
3210400000;Київська;м. Березань;16383
3210500000;Київська;м. Бориспіль;63169
3210600000;Київська;м. Бровари;108349
3210700000;Київська;м. Васильків;37507
3210800000;Київська;м. Буча;36284
3210900000;Київська;м. Ірпінь;100509
3210945600;Київська;смт Ворзель;6618
3210945900;Київська;смт Гостомель;16945
3210946200;Київська;смт Коцюбинське;16862
3211000000;Київська;м. Переяслав;26786
3211100000;Київська;м. Прип'ять;-
3211200000;Київська;м. Фастів;45393
3211300000;Київська;м. Ржищів;7323
3211500000;Київська;м. Славутич;24784
3211600000;Київська;м. Обухів (міськрада);33808
3211610100;Київська;м. Обухів;33419
3220200000;Київська;Баришівський район;34577
3220255100;Київська;смт Баришівка;10626
3220400000;Київська;Білоцерківський район;48440
3220410500;Київська;м. Узин;11998
3220455500;Київська;смт Терезине;1729
3220600000;Київська;Богуславський район;33318
3220610100;Київська;м. Богуслав;16190
3220800000;Київська;Бориспільський район;53619
3221000000;Київська;Бородянський район;56967
3221055100;Київська;смт Бородянка;13157
3221055300;Київська;смт Бабинці;2798
3221055500;Київська;смт Клавдієво-Тарасове;5049
3221055600;Київська;смт Пісківка;6835
3221055900;Київська;смт Немішаєве;7783
3221200000;Київська;Броварський район;68688
3221255200;Київська;смт Велика Димерка;9510
3221255500;Київська;смт Калита;4754
3221255600;Київська;смт Калинівка;3815
3221400000;Київська;Васильківський район;57613
3221455300;Київська;смт Глеваха;8818
3221455500;Київська;смт Гребінки;5736
3221455600;Київська;смт Дослідницьке;1878
3221455800;Київська;смт Калинівка;5190
3221600000;Київська;Володарський район;16484
3221655100;Київська;смт Володарка;5894
3221800000;Київська;Вишгородський район;76347
3221810100;Київська;м. Вишгород;30997
3221855300;Київська;смт Димер;5609
3221900000;Київська;Згурівський район;15503
3221955100;Київська;смт Згурівка;4975
3222000000;Київська;Іванківський район;29174
3222010500;Київська;м. Чорнобиль;-
3222055100;Київська;смт Іванків;10369
3222200000;Київська;Кагарлицький район;32346
3222210100;Київська;м. Кагарлик;13461
3222400000;Київська;Києво-Святошинський район;210123
3222410300;Київська;м. Боярка;35376
3222410600;Київська;м. Вишневе;41820
3222457400;Київська;смт Чабани;4907
3222700000;Київська;Макарівський район;35640
3222755100;Київська;смт Макарів;9790
3222755400;Київська;смт Кодра;1421
3222900000;Київська;Миронівський район;33114
3222910100;Київська;м. Миронівка;11395
3223100000;Київська;Обухівський район;35278
3223151000;Київська;м. Українка;16204
3223155400;Київська;смт Козин;3392
3223300000;Київська;Переяслав-Хмельницький район;27019
3223500000;Київська;Поліський район;5456
3223556100;Київська;смт Красятичі;636
3223700000;Київська;Рокитнянський район;25729
3223755100;Київська;смт Рокитне;10733
3224000000;Київська;Сквирський район;35669
3224010100;Київська;м. Сквира;15626
3224200000;Київська;Ставищенський район;20983
3224255100;Київська;смт Ставище;6218
3224400000;Київська;Таращанський район;26468
3224410100;Київська;м. Тараща;10017
3224600000;Київська;Тетіївський район;31001
3224610100;Київська;м. Тетіїв;12855
3224900000;Київська;Фастівський район;30331
3224955300;Київська;смт Борова;7283
3224955600;Київська;смт Кожанка;1986
3225500000;Київська;Яготинський район;31624
3225510100;Київська;м. Яготин;19409
3500000000;Кіровоградська;Кіровоградська область;933109
3510100000;Кіровоградська;м. Кропивницький (міськрада);233820
3510110100;Кіровоградська;м. Кропивницький;225339
3510166900;Кіровоградська;смт Нове;8481
3510300000;Кіровоградська;м. Олександрія (міськрада);87622
3510310100;Кіровоградська;м. Олександрія;78366
3510345300;Кіровоградська;смт Олександрійське;4679
3510345600;Кіровоградська;смт Пантаївка;2627
3510600000;Кіровоградська;м. Знам'янка (міськрада);27343
3510610100;Кіровоградська;м. Знам'янка;22069
3510645300;Кіровоградська;смт Знам'янка Друга;5090
3510900000;Кіровоградська;м. Світловодськ (міськрада);51939
3510910100;Кіровоградська;м. Світловодськ;44466
3510945300;Кіровоградська;смт Власівка;7473
3520300000;Кіровоградська;Олександрійський район;33659
3520355400;Кіровоградська;смт Нова Прага;6478
3520355800;Кіровоградська;смт Приютівка;3112
3520500000;Кіровоградська;Олександрівський район;25800
3520555100;Кіровоградська;смт Олександрівка;8357
3520555400;Кіровоградська;смт Єлизаветградка;1187
3520555500;Кіровоградська;смт Лісове;1144
3520800000;Кіровоградська;Бобринецький район;24702
3520810100;Кіровоградська;м. Бобринець;10651
3521100000;Кіровоградська;Гайворонський район;36171
3521110100;Кіровоградська;м. Гайворон;14344
3521155300;Кіровоградська;смт Завалля;4576
3521155600;Кіровоградська;смт Салькове;1614
3521400000;Кіровоградська;Голованівський район;29452
3521455100;Кіровоградська;смт Голованівськ;5811
3521455500;Кіровоградська;смт Побузьке;5810
3521700000;Кіровоградська;Добровеличківський район;32511
3521710300;Кіровоградська;м. Помічна;8874
3521755100;Кіровоградська;смт Добровеличківка;5528
3521900000;Кіровоградська;Долинський район;32610
3521910100;Кіровоградська;м. Долинська;18639
3521955400;Кіровоградська;смт Молодіжне;1151
3522200000;Кіровоградська;Знам'янський район;21755
3522500000;Кіровоградська;Кропивницький район;36353
3522800000;Кіровоградська;Компаніївський район;14694
3522855100;Кіровоградська;смт Компаніївка;4399
3523100000;Кіровоградська;Маловисківський район;41251
3523110100;Кіровоградська;м. Мала Виска;10260
3523155700;Кіровоградська;смт Смоліне;9474
3523400000;Кіровоградська;Новгородківський район;14831
3523455100;Кіровоградська;смт Новгородка;5593
3523600000;Кіровоградська;Новоархангельський район;23524
3523655100;Кіровоградська;смт Новоархангельськ;6095
3523800000;Кіровоградська;Новомиргородський район;27395
3523810100;Кіровоградська;м. Новомиргород;11024
3523855400;Кіровоградська;смт Капітанівка;2485
3524000000;Кіровоградська;Новоукраїнський район;39968
3524010100;Кіровоградська;м. Новоукраїнка;16538
3524300000;Кіровоградська;Вільшанський район;12003
3524355100;Кіровоградська;смт Вільшанка;4582
3524600000;Кіровоградська;Онуфріївський район;17250
3524655100;Кіровоградська;смт Онуфріївка;3820
3524655400;Кіровоградська;смт Павлиш;4596
3524900000;Кіровоградська;Петрівський район;22946
3524955100;Кіровоградська;смт Петрове;7088
3524955300;Кіровоградська;смт Балахівка;762
3525200000;Кіровоградська;Світловодський район;11397
3525500000;Кіровоградська;Благовіщенський район;21802
3525510100;Кіровоградська;м. Благовіщенське;6002
3525800000;Кіровоградська;Устинівський район;12311
3525855100;Кіровоградська;смт Устинівка;3360
4400000000;Луганська;Луганська область;2135913
4410100000;Луганська;м. Луганськ (міськрада);427111
4410110100;Луганська;м. Луганськ;401297
4410160300;Луганська;м. Олександрівськ;6444
4410165900;Луганська;смт Катеринівка;16406
4410300000;Луганська;м. Антрацит (міськрада);75185
4410310100;Луганська;м. Антрацит;52525
4410345300;Луганська;смт Боково-Платове;2618
4410345600;Луганська;смт Верхній Нагольчик;1714
4410345900;Луганська;смт Дубівський;3896
4410346200;Луганська;смт Кам'яне;2669
4410346500;Луганська;смт Кріпенський;6757
4410346900;Луганська;смт Щотове;3561
4410500000;Луганська;м. Брянка (міськрада);51091
4410510100;Луганська;м. Брянка;45148
4410545200;Луганська;смт Ганнівка;244
4410545300;Луганська;смт Вергулівка;1270
4410545900;Луганська;смт Глибокий;210
4410546200;Луганська;смт Ломуватка;889
4410546500;Луганська;смт Южна Ломуватка;3330
4411000000;Луганська;м. Голубівка (міськрада);32117
4411010100;Луганська;м. Голубівка;26967
4411045300;Луганська;смт Донецький;3515
4411045700;Луганська;смт Криничанське;1333
4411200000;Луганська;м. Алчевськ;106941
4411400000;Луганська;м. Сорокине (міськрада);100643
4411410100;Луганська;м. Сорокине;42774
4411445300;Луганська;смт Гірне;39
4411445600;Луганська;смт Ізварине;1566
4411445900;Луганська;смт Краснодарський;326
4411446200;Луганська;смт Тепле;5232
4411446500;Луганська;смт Сєверний;1829
4411446800;Луганська;смт Сєверо-Гундорівський;1078
4411447100;Луганська;смт Урало-Кавказ;2483
4411447400;Луганська;смт Буран;949
4411470400;Луганська;м. Молодогвардійськ;22575
4411470700;Луганська;м. Суходільськ;20570
4411600000;Луганська;м. Хрустальний (міськрада);119423
4411610100;Луганська;м. Хрустальний;79957
4411645400;Луганська;смт Грушове;832
4411645700;Луганська;смт Запоріжжя;847
4411646000;Луганська;смт Княгинівка;817
4411646400;Луганська;смт Садово-Хрустальненський;575
4411646700;Луганська;смт Софіївський;3846
4411647000;Луганська;смт Федорівка;413
4411647300;Луганська;смт Хрустальне;1345
4411647600;Луганська;смт Штерівка;1227
4411670300;Луганська;м. Боково-Хрустальне;11478
4411670600;Луганська;м. Міусинськ;4613
4411670900;Луганська;м. Петрово-Красносілля;12713
4411800000;Луганська;м. Лисичанськ (міськрада);109913
4411810100;Луганська;м. Лисичанськ;96161
4411870400;Луганська;м. Новодружеськ;6926
4411870700;Луганська;м. Привілля;6826
4412100000;Луганська;м. Первомайськ;36529
4412300000;Луганська;м. Ровеньки (міськрада);81314
4412310100;Луганська;м. Ровеньки;45752
4412345400;Луганська;смт Великокам'янка;1145
4412345700;Луганська;смт Гірник;771
4412345800;Луганська;смт Любимівка;8608
4412346000;Луганська;смт Кленовий;2068
4412346400;Луганська;смт Михайлівка;2774
4412346700;Луганська;смт Нагольно-Тарасівка;2056
4412346900;Луганська;смт Новодар'ївка;4357
4412347100;Луганська;смт Картушине;1554
4412347300;Луганська;смт Тацине;253
4412347700;Луганська;смт Ясенівський;8950
4412500000;Луганська;м. Рубіжне;56785
4412700000;Луганська;м. Довжанськ (міськрада);95465
4412710100;Луганська;м. Довжанськ;63184
4412745300;Луганська;смт Ведмеже;2737
4412745700;Луганська;смт Кундрюче;1660
4412746000;Луганська;смт Дубове;3031
4412746300;Луганська;смт Вальянівське;3309
4412746600;Луганська;смт Павлівка;1023
4412746900;Луганська;смт Шахтарське;3513
4412770600;Луганська;м. Вознесенівка;15322
4412900000;Луганська;м. Сєвєродонецьк (міськрада);112413
4412910100;Луганська;м. Сєвєродонецьк;102396
4412945200;Луганська;смт Борівське;5726
4412945300;Луганська;смт Воронове;836
4412945600;Луганська;смт Метьолкіне;785
4412945900;Луганська;смт Сиротине;1568
4413100000;Луганська;м. Кадіївка (міськрада);87619
4413110100;Луганська;м. Кадіївка;74053
4413170200;Луганська;м. Алмазна;4177
4413170800;Луганська;м. Ірміно;9389
4420300000;Луганська;Антрацитівський район;30007
4420355300;Луганська;смт Єсаулівка;1421
4420355600;Луганська;смт Іванівка;7082
4420355900;Луганська;смт Красний Кут;2420
4420356200;Луганська;смт Маломиколаївка;1654
4420356500;Луганська;смт Нижній Нагольчик;1629
4420357200;Луганська;смт Фащівка;2253
4420600000;Луганська;Біловодський район;22856
4420655100;Луганська;смт Біловодськ;7806
4420900000;Луганська;Білокуракинський район;18307
4420955100;Луганська;смт Білокуракине;6512
4420955700;Луганська;смт Лозно-Олександрівка;856
4421400000;Луганська;Сорокинський район;28943
4421455300;Луганська;смт Великий Лог;589
4421455700;Луганська;смт Мирне;363
4421456000;Луганська;смт Новоолександрівка;1536
4421456200;Луганська;смт Новосвітлівка;3680
4421456500;Луганська;смт Сімейкине;2230
4421456900;Луганська;смт Талове;1383
4421600000;Луганська;Кремінський район;37753
4421610100;Луганська;м. Кремінна;18618
4421655400;Луганська;смт Красноріченське;3948
4422200000;Луганська;Лутугинський район;65071
4422210100;Луганська;м. Лутугине;17194
4422255300;Луганська;смт Біле;6304
4422255500;Луганська;смт Білоріченський;3147
4422255800;Луганська;смт Врубівський;1241
4422256100;Луганська;смт Георгіївка;6335
4422256400;Луганська;смт Марія;1036
4422256800;Луганська;смт Успенка;8609
4422257000;Луганська;смт Челюскінець;1098
4422257400;Луганська;смт Юр'ївка;2899
4422500000;Луганська;Марківський район;14242
4422555100;Луганська;смт Марківка;5664
4422800000;Луганська;Міловський район;14885
4422855100;Луганська;смт Мілове;5810
4423100000;Луганська;Новоайдарський район;39700
4423110100;Луганська;м. Щастя;11743
4423155100;Луганська;смт Новоайдар;8005
4423300000;Луганська;Новопсковський район;33173
4423355100;Луганська;смт Новопсков;9554
4423355300;Луганська;смт Білолуцьк;3772
4423600000;Луганська;Перевальський район;63054
4423610100;Луганська;м. Перевальськ;25044
4423610300;Луганська;м. Кипуче;7235
4423610600;Луганська;м. Зоринськ;7150
4423655300;Луганська;смт Байрачки;785
4423655500;Луганська;смт Бугаївка;2978
4423655800;Луганська;смт Городище;2392
4423656100;Луганська;смт Комісарівка;1620
4423656400;Луганська;смт Михайлівка;2356
4423656700;Луганська;смт Селезнівка;2444
4423657100;Луганська;смт Фащівка;4625
4423657300;Луганська;смт Центральний;803
4423657700;Луганська;смт Ящикове;1773
4423800000;Луганська;Попаснянський район;74028
4423810100;Луганська;м. Попасна;19984
4423810500;Луганська;м. Гірське;9436
4423810800;Луганська;м. Золоте;13374
4423855300;Луганська;смт Білогорівка;837
4423855900;Луганська;смт Вовчоярівка;755
4423856200;Луганська;смт Врубівка;894
4423856500;Луганська;смт Калинове;2962
4423856900;Луганська;смт Комишуваха;2016
4423857200;Луганська;смт Малорязанцеве;719
4423857500;Луганська;смт Мирна Долина;291
4423857700;Луганська;смт Нижнє;2258
4423857900;Луганська;смт Новотошківське;2201
4423858200;Луганська;смт Тошківка;3952
4423858500;Луганська;смт Чорнухине;5711
4424000000;Луганська;Сватівський район;33302
4424010100;Луганська;м. Сватове;16710
4424055400;Луганська;смт Нижня Дуванка;1945
4424200000;Луганська;Довжанський район;11644
4424255300;Луганська;смт Криничне;3965
4424500000;Луганська;Слов'яносербський район;48102
4424510300;Луганська;м. Зимогір'я;9617
4424555100;Луганська;смт Слов'яносербськ;7728
4424555400;Луганська;смт Лозівський;4838
4424555600;Луганська;смт Іванівське;3109
4424555900;Луганська;смт Родакове;6132
4424556200;Луганська;смт Сентянівка;3160
4424800000;Луганська;Станично-Луганський район;46672
4424855100;Луганська;смт Станиця Луганська;12713
4424855400;Луганська;смт Петропавлівка;4688
4425100000;Луганська;Старобільський район;42693
4425110100;Луганська;м. Старобільськ;16650
4425400000;Луганська;Троїцький район;18932
4425455100;Луганська;смт Троїцьке;7307
4600000000;Львівська;Львівська область;2512084
4610100000;Львівська;м. Львів (міськрада);756032
4610110100;Львівська;м. Львів;724314
4610160300;Львівська;м. Винники;18099
4610165500;Львівська;смт Рудне;7316
4610166300;Львівська;смт Брюховичі;6303
4610300000;Львівська;м. Борислав (міськрада);35465
4610310100;Львівська;м. Борислав;33186
4610345400;Львівська;смт Східниця;2279
4610600000;Львівська;м. Дрогобич (міськрада);95907
4610610100;Львівська;м. Дрогобич;75396
4610670500;Львівська;м. Стебник;20511
4610700000;Львівська;м. Моршин;5754
4610800000;Львівська;м. Новий Розділ;28304
4610900000;Львівська;м. Самбір;34695
4611200000;Львівська;м. Стрий;59730
4611500000;Львівська;м. Трускавець;28647
4611800000;Львівська;м. Червоноград (міськрада);68691
4611810100;Львівська;м. Червоноград;65871
4611845300;Львівська;смт Гірник;2820
4620300000;Львівська;Бродівський район;57457
4620310100;Львівська;м. Броди;23454
4620355400;Львівська;смт Підкамінь;1968
4620600000;Львівська;Буський район;45934
4620610100;Львівська;м. Буськ;8667
4620655300;Львівська;смт Красне;6415
4620655600;Львівська;смт Олесько;1446
4620900000;Львівська;Городоцький район;68428
4620910100;Львівська;м. Городок;16168
4620910400;Львівська;м. Комарно;3727
4620955300;Львівська;смт Великий Любінь;4589
4621200000;Львівська;Дрогобицький район;73993
4621255400;Львівська;смт Меденичі;3339
4621255700;Львівська;смт Підбуж;3383
4621500000;Львівська;Жидачівський район;65186
4621510100;Львівська;м. Жидачів;10672
4621510500;Львівська;м. Ходорів;9255
4621555300;Львівська;смт Гніздичів;4055
4621555600;Львівська;смт Журавно;3410
4621555900;Львівська;смт Нові Стрілища;791
4621800000;Львівська;Золочівський район;68394
4621810100;Львівська;м. Золочів;24109
4621810200;Львівська;м. Глиняни;3050
4621855600;Львівська;смт Поморяни;1301
4622100000;Львівська;Кам'янка-Бузький район;57389
4622110100;Львівська;м. Кам'янка-Бузька;10630
4622155300;Львівська;смт Добротвір;6409
4622155400;Львівська;смт Запитів;2964
4622155600;Львівська;смт Новий Яричів;2993
4622400000;Львівська;Мостиський район;56206
4622410100;Львівська;м. Мостиська;9396
4622410500;Львівська;м. Судова Вишня;6509
4622700000;Львівська;Жовківський район;110223
4622710100;Львівська;м. Жовква;13899
4622710200;Львівська;м. Дубляни;9811
4622710400;Львівська;м. Рава-Руська;8641
4622755600;Львівська;смт Куликів;4111
4622755900;Львівська;смт Магерів;1995
4623000000;Львівська;Миколаївський район;62537
4623010100;Львівська;м. Миколаїв;14787
4623055400;Львівська;смт Розділ;2444
4623300000;Львівська;Перемишлянський район;37740
4623310100;Львівська;м. Перемишляни;6606
4623310300;Львівська;м. Бібрка;3849
4623600000;Львівська;Пустомитівський район;120872
4623610100;Львівська;м. Пустомити;9422
4623655500;Львівська;смт Щирець;5744
4623900000;Львівська;Радехівський район;46634
4623910100;Львівська;м. Радехів;9750
4623955400;Львівська;смт Лопатин;3335
4624200000;Львівська;Самбірський район;67063
4624210300;Львівська;м. Новий Калинів;4233
4624210400;Львівська;м. Рудки;5322
4624255300;Львівська;смт Дубляни;1688
4624500000;Львівська;Сколівський район;46996
4624510100;Львівська;м. Сколе;6146
4624555300;Львівська;смт Верхнє Синьовидне;3363
4624555700;Львівська;смт Славське;3584
4624800000;Львівська;Сокальський район;101748
4624810100;Львівська;м. Сокаль;20882
4624810200;Львівська;м. Соснівка;10991
4624810300;Львівська;м. Белз;2257
4624810600;Львівська;м. Великі Мости;6256
4624810900;Львівська;м. Угнів;972
4624855300;Львівська;смт Жвирка;3640
4625100000;Львівська;Старосамбірський район;76099
4625110100;Львівська;м. Старий Самбір;6531
4625110300;Львівська;м. Добромиль;4222
4625110700;Львівська;м. Хирів;4184
4625155400;Львівська;смт Нижанковичі;1786
4625155700;Львівська;смт Стара Сіль;1109
4625300000;Львівська;Стрийський район;60912
4625355300;Львівська;смт Дашава;2372
4625500000;Львівська;Турківський район;48933
4625510100;Львівська;м. Турка;7018
4625555300;Львівська;смт Бориня;1402
4625800000;Львівська;Яворівський район;126115
4625810100;Львівська;м. Яворів;12946
4625810500;Львівська;м. Новояворівськ;31218
4625855300;Львівська;смт Івано-Франкове;6409
4625855600;Львівська;смт Краковець;1144
4625855900;Львівська;смт Немирів;1974
4625856500;Львівська;смт Шкло;6072
4800000000;Миколаївська;Миколаївська область;1119862
4810100000;Миколаївська;м. Миколаїв;480080
4810200000;Миколаївська;м. Вознесенськ;34404
4810300000;Миколаївська;м. Очаків;14036
4810400000;Миколаївська;м. Первомайськ;64103
4810800000;Миколаївська;м. Южноукраїнськ;39404
4820300000;Миколаївська;Арбузинський район;19269
4820355100;Миколаївська;смт Арбузинка;6135
4820355700;Миколаївська;смт Костянтинівка;2150
4820600000;Миколаївська;Баштанський район;36507
4820610100;Миколаївська;м. Баштанка;12449
4820900000;Миколаївська;Березанський район;22422
4820955100;Миколаївська;смт Березанка;4070
4821100000;Миколаївська;Березнегуватський район;19344
4821155100;Миколаївська;смт Березнегувате;7446
4821400000;Миколаївська;Братський район;17129
4821455100;Миколаївська;смт Братське;5112
4821700000;Миколаївська;Веселинівський район;22091
4821755100;Миколаївська;смт Веселинове;5707
4821755500;Миколаївська;смт Токарівка;2014
4822000000;Миколаївська;Вознесенський район;29241
4822055200;Миколаївська;смт Олександрівка;5139
4822300000;Миколаївська;Врадіївський район;16836
4822355100;Миколаївська;смт Врадіївка;8214
4822700000;Миколаївська;Доманівський район;24447
4822755100;Миколаївська;смт Доманівка;5897
4823000000;Миколаївська;Єланецький район;14863
4823055100;Миколаївська;смт Єланець;4782
4823300000;Миколаївська;Вітовський район;49432
4823355300;Миколаївська;смт Воскресенське;4715
4823355700;Миколаївська;смт Первомайське;2730
4823600000;Миколаївська;Казанківський район;18540
4823655100;Миколаївська;смт Казанка;6828
4823900000;Миколаївська;Кривоозерський район;23825
4823955100;Миколаївська;смт Криве Озеро;7482
4824200000;Миколаївська;Миколаївський район;29389
4824255600;Миколаївська;смт Ольшанське;3650
4824500000;Миколаївська;Новобузький район;29851
4824510100;Миколаївська;м. Новий Буг;15106
4824800000;Миколаївська;Новоодеський район;32239
4824810100;Миколаївська;м. Нова Одеса;11726
4825100000;Миколаївська;Очаківський район;14832
4825400000;Миколаївська;Первомайський район;28729
4825455400;Миколаївська;смт Підгородна;2211
4825700000;Миколаївська;Снігурівський район;38849
4825710100;Миколаївська;м. Снігурівка;12432
5100000000;Одеська;Одеська область;2377230
5110100000;Одеська;м. Одеса;1017699
5110200000;Одеська;м. Балта (міськрада);31394
5110210100;Одеська;м. Балта;18242
5110300000;Одеська;м. Білгород-Дністровський (міськрада);55768
5110310100;Одеська;м. Білгород-Дністровський;48674
5110345300;Одеська;смт Затока;1761
5110345700;Одеська;смт Сергіївка;5333
5110500000;Одеська;м. Біляївка (міськрада);14152
5110510100;Одеська;м. Біляївка;12526
5110600000;Одеська;м. Ізмаїл;71299
5110800000;Одеська;м. Чорноморськ (міськрада);71733
5110810100;Одеська;м. Чорноморськ;58934
5110845200;Одеська;смт Олександрівка;7612
5111200000;Одеська;м. Подільськ;40023
5111500000;Одеська;м. Теплодар;10146
5111700000;Одеська;м. Южне;32724
5120200000;Одеська;Ананьївський район;25393
5120210100;Одеська;м. Ананьїв;7930
5120400000;Одеська;Арцизький район;43774
5120410100;Одеська;м. Арциз;14666
5120600000;Одеська;Балтський район;8164
5120800000;Одеська;Білгород-Дністровський район;59349
5121000000;Одеська;Біляївський район;81171
5121056800;Одеська;смт Хлібодарське;2548
5121200000;Одеська;Березівський район;32760
5121210100;Одеська;м. Березівка;9581
5121255600;Одеська;смт Раухівка;2666
5121400000;Одеська;Болградський район;66666
5121410100;Одеська;м. Болград;15056
5121600000;Одеська;Великомихайлівський район;30166
5121655100;Одеська;смт Велика Михайлівка;5432
5121655500;Одеська;смт Цебрикове;2777
5121800000;Одеська;Іванівський район;25743
5121855100;Одеська;смт Іванівка;2403
5121855400;Одеська;смт Петрівка;4568
5121855600;Одеська;смт Радісне;1541
5122000000;Одеська;Ізмаїльський район;121867
5122055400;Одеська;смт Суворове;4587
5122300000;Одеська;Кілійський район;50386
5122310100;Одеська;м. Кілія;19280
5122310300;Одеська;м. Вилкове;7909
5122500000;Одеська;Кодимський район;28282
5122510100;Одеська;м. Кодима;8639
5122555500;Одеська;смт Слобідка;2299
5122700000;Одеська;Лиманський район;72605
5122755100;Одеська;смт Доброслав;6855
5122755400;Одеська;смт Нові Білярі;184
5122755900;Одеська;смт Чорноморське;7040
5122900000;Одеська;Подільський район;25524
5123100000;Одеська;Окнянський район;19606
5123155100;Одеська;смт Окни;5197
5123300000;Одеська;Любашівський район;29253
5123355100;Одеська;смт Любашівка;8963
5123355300;Одеська;смт Зеленогірське;1474
5123500000;Одеська;Миколаївський район;15399
5123555100;Одеська;смт Миколаївка;2680
5123700000;Одеська;Овідіопольський район;87551
5123755100;Одеська;смт Овідіополь;11649
5123755200;Одеська;смт Авангард;6129
5123755300;Одеська;смт Великодолинське;13935
5123755800;Одеська;смт Таїрове;3676
5123900000;Одеська;Роздільнянський район;57209
5123910100;Одеська;м. Роздільна;17751
5123955400;Одеська;смт Лиманське;7249
5124100000;Одеська;Ренійський район;36117
5124110100;Одеська;м. Рені;18320
5124300000;Одеська;Савранський район;18167
5124355100;Одеська;смт Саврань;6179
5124500000;Одеська;Саратський район;44171
5124555100;Одеська;смт Сарата;4220
5124700000;Одеська;Тарутинський район;40054
5124755100;Одеська;смт Тарутине;5809
5124755300;Одеська;смт Березине;3402
5124755500;Одеська;смт Бородіно;1514
5124755900;Одеська;смт Серпневе;1767
5125000000;Одеська;Татарбунарський район;38065
5125010100;Одеська;м. Татарбунари;10945
5125200000;Одеська;Захарівський район;19824
5125255100;Одеська;смт Захарівка;5251
5125255400;Одеська;смт Затишшя;3537
5125400000;Одеська;Ширяївський район;26325
5125455100;Одеська;смт Ширяєве;6481
5300000000;Полтавська;Полтавська область;1386978
5310100000;Полтавська;м. Полтава;286649
5310200000;Полтавська;м. Горішні Плавні (міськрада);53198
5310210100;Полтавська;м. Горішні Плавні;50816
5310300000;Полтавська;м. Гадяч;23341
5310400000;Полтавська;м. Кременчук;219022
5310700000;Полтавська;м. Лубни;45032
5310900000;Полтавська;м. Миргород;39099
5320200000;Полтавська;Великобагачанський район;23456
5320255100;Полтавська;смт Велика Багачка;5405
5320255400;Полтавська;смт Гоголеве;2498
5320400000;Полтавська;Гадяцький район;27508
5320600000;Полтавська;Глобинський район;41270
5320610100;Полтавська;м. Глобине;9235
5320655400;Полтавська;смт Градизьк;6163
5320800000;Полтавська;Гребінківський район;21601
5320810100;Полтавська;м. Гребінка;10683
5321000000;Полтавська;Диканський район;18118
5321055100;Полтавська;смт Диканька;7573
5321300000;Полтавська;Зіньківський район;32763
5321310100;Полтавська;м. Зіньків;9387
5321355400;Полтавська;смт Опішня;5239
5321600000;Полтавська;Карлівський район;32539
5321610100;Полтавська;м. Карлівка;14292
5321800000;Полтавська;Кобеляцький район;40172
5321810100;Полтавська;м. Кобеляки;9718
5321855300;Полтавська;смт Білики;4828
5322000000;Полтавська;Козельщинський район;18380
5322055100;Полтавська;смт Козельщина;3579
5322055500;Полтавська;смт Нова Галещина;2171
5322200000;Полтавська;Котелевський район;18950
5322255100;Полтавська;смт Котельва;11992
5322400000;Полтавська;Кременчуцький район;38814
5322600000;Полтавська;Лохвицький район;40617
5322610100;Полтавська;м. Лохвиця;11271
5322610600;Полтавська;м. Заводське;7929
5322800000;Полтавська;Лубенський район;30260
5323000000;Полтавська;Машівський район;18686
5323055100;Полтавська;смт Машівка;3715
5323200000;Полтавська;Миргородський район;29743
5323255400;Полтавська;смт Комишня;2047
5323255700;Полтавська;смт Ромодан;2707
5323400000;Полтавська;Новосанжарський район;32824
5323455100;Полтавська;смт Нові Санжари;8127
5323600000;Полтавська;Оржицький район;22741
5323655100;Полтавська;смт Оржиця;3461
5323655600;Полтавська;смт Новооржицьке;1753
5323800000;Полтавська;Пирятинський район;30195
5323810100;Полтавська;м. Пирятин;15240
5324000000;Полтавська;Полтавський район;68174
5324200000;Полтавська;Решетилівський район;25336
5324210100;Полтавська;м. Решетилівка;9199
5324500000;Полтавська;Семенівський район;23722
5324555100;Полтавська;смт Семенівка;5976
5324800000;Полтавська;Хорольський район;32705
5324810100;Полтавська;м. Хорол;12839
5325100000;Полтавська;Чорнухинський район;10568
5325155100;Полтавська;смт Чорнухи;2442
5325400000;Полтавська;Чутівський район;22082
5325455100;Полтавська;смт Чутове;6174
5325455300;Полтавська;смт Скороходове;3268
5325700000;Полтавська;Шишацький район;19413
5325755100;Полтавська;смт Шишаки;4331
5600000000;Рівненська;Рівненська область;1152961
5610100000;Рівненська;м. Рівне;246003
5610300000;Рівненська;м. Дубно;37464
5610700000;Рівненська;м. Вараш;42246
5610900000;Рівненська;м. Острог;15457
5620400000;Рівненська;Березнівський район;63716
5620410100;Рівненська;м. Березне;13285
5620455700;Рівненська;смт Соснове;1960
5620800000;Рівненська;Володимирецький район;65501
5620855100;Рівненська;смт Володимирець;9311
5620855400;Рівненська;смт Рафалівка;3461
5621200000;Рівненська;Гощанський район;34401
5621255100;Рівненська;смт Гоща;5319
5621400000;Рівненська;Демидівський район;14057
5621455300;Рівненська;смт Демидівка;2496
5621600000;Рівненська;Дубенський район;44352
5621655900;Рівненська;смт Смига;2616
5621800000;Рівненська;Дубровицький район;46727
5621810100;Рівненська;м. Дубровиця;9394
5622200000;Рівненська;Зарічненський район;34722
5622255100;Рівненська;смт Зарічне;7346
5622600000;Рівненська;Здолбунівський район;56109
5622610100;Рівненська;м. Здолбунів;24806
5622655400;Рівненська;смт Мізоч;3427
5623000000;Рівненська;Корецький район;32553
5623010100;Рівненська;м. Корець;6984
5623400000;Рівненська;Костопільський район;63462
5623410100;Рівненська;м. Костопіль;31215
5623800000;Рівненська;Млинівський район;36771
5623855100;Рівненська;смт Млинів;8205
5624200000;Рівненська;Острозький район;27744
5624600000;Рівненська;Рівненський район;92981
5624655300;Рівненська;смт Квасилів;8167
5624655400;Рівненська;смт Клевань;7681
5624655700;Рівненська;смт Оржів;3874
5625000000;Рівненська;Рокитнівський район;58223
5625055100;Рівненська;смт Рокитне;6650
5625055500;Рівненська;смт Томашгород;2450
5625400000;Рівненська;Сарненський район;104037
5625410100;Рівненська;м. Сарни;29066
5625455400;Рівненська;смт Клесів;4634
5625455700;Рівненська;смт Степань;4095
5625800000;Рівненська;Радивилівський район;36435
5625810100;Рівненська;м. Радивилів;10476
5900000000;Сумська;Сумська область;1068247
5910100000;Сумська;м. Суми (міськрада);264981
5910110100;Сумська;м. Суми;262119
5910200000;Сумська;м. Охтирка (міськрада);47790
5910210100;Сумська;м. Охтирка;47603
5910300000;Сумська;м. Глухів (міськрада);32872
5910310100;Сумська;м. Глухів;32686
5910400000;Сумська;м. Конотоп (міськрада);89618
5910410100;Сумська;м. Конотоп;85603
5910500000;Сумська;м. Лебедин (міськрада);25190
5910510100;Сумська;м. Лебедин;24600
5910700000;Сумська;м. Ромни (міськрада);39363
5910710100;Сумська;м. Ромни;38947
5911000000;Сумська;м. Шостка;74125
5920300000;Сумська;Охтирський район;25234
5920355500;Сумська;смт Чупахівка;2226
5920600000;Сумська;Білопільський район;48264
5920610100;Сумська;м. Білопілля;15981
5920610300;Сумська;м. Ворожба;6910
5920655300;Сумська;смт Миколаївка;4201
5920655700;Сумська;смт Улянівка;2287
5920900000;Сумська;Буринський район;22962
5920910100;Сумська;м. Буринь;8476
5921200000;Сумська;Великописарівський район;17482
5921255100;Сумська;смт Велика Писарівка;4073
5921255400;Сумська;смт Кириківка;2712
5921500000;Сумська;Глухівський район;21243
5921555500;Сумська;смт Есмань;1348
5921555800;Сумська;смт Шалигине;2261
5922000000;Сумська;Конотопський район;26838
5922055300;Сумська;смт Дубов'язівка;2395
5922300000;Сумська;Краснопільський район;26988
5922355100;Сумська;смт Краснопілля;7961
5922355600;Сумська;смт Угроїди;1923
5922600000;Сумська;Кролевецький район;36390
5922610100;Сумська;м. Кролевець;22665
5922900000;Сумська;Лебединський район;18510
5923200000;Сумська;Липоводолинський район;17713
5923255100;Сумська;смт Липова Долина;5060
5923500000;Сумська;Недригайлівський район;22972
5923555100;Сумська;смт Недригайлів;5377
5923555600;Сумська;смт Терни;2893
5923800000;Сумська;Путивльський район;26194
5923810100;Сумська;м. Путивль;15260
5924100000;Сумська;Роменський район;30876
5924400000;Сумська;Середино-Будський район;15561
5924410100;Сумська;м. Середина-Буда;7022
5924455300;Сумська;смт Зноб-Новгородське;1910
5924700000;Сумська;Сумський район;264981
5924755500;Сумська;смт Низи;2782
5924755800;Сумська;смт Степанівка;5442
5924756200;Сумська;смт Хотінь;2364
5925000000;Сумська;Тростянецький район;33413
5925010100;Сумська;м. Тростянець;19985
5925300000;Сумська;Шосткинський район;19420
5925355300;Сумська;смт Вороніж;6769
5925600000;Сумська;Ямпільський район;22412
5925610300;Сумська;м. Дружба;4654
5925655100;Сумська;смт Ямпіль;4406
5925655700;Сумська;смт Свеса;6404
6100000000;Тернопільська;Тернопільська область;1038695
6110100000;Тернопільська;м. Тернопіль;223462
6110300000;Тернопільська;м. Чортків;28686
6110500000;Тернопільська;м. Бережани (міськрада);18941
6110510100;Тернопільська;м. Бережани;17430
6110700000;Тернопільська;м. Кременець;20827
6120400000;Тернопільська;Бережанський район;20453
6120800000;Тернопільська;Борщівський район;64966
6120810100;Тернопільська;м. Борщів;10803
6120855400;Тернопільська;смт Мельниця-Подільська;3676
6120855700;Тернопільська;смт Скала-Подільська;4201
6121200000;Тернопільська;Бучацький район;62242
6121210100;Тернопільська;м. Бучач;12378
6121255500;Тернопільська;смт Золотий Потік;2374
6121600000;Тернопільська;Гусятинський район;57964
6121610400;Тернопільська;м. Копичинці;6627
6121611000;Тернопільська;м. Хоростків;6738
6121655100;Тернопільська;смт Гусятин;7081
6121655400;Тернопільська;смт Гримайлів;1814
6122000000;Тернопільська;Заліщицький район;44966
6122010100;Тернопільська;м. Заліщики;9089
6122055500;Тернопільська;смт Товсте;3218
6122400000;Тернопільська;Збаразький район;55844
6122410100;Тернопільська;м. Збараж;13587
6122455300;Тернопільська;смт Вишнівець;3236
6122600000;Тернопільська;Зборівський район;39947
6122610100;Тернопільська;м. Зборів;6669
6122655300;Тернопільська;смт Залізці;2572
6123000000;Тернопільська;Козівський район;36394
6123055100;Тернопільська;смт Козова;8937
6123055400;Тернопільська;смт Козлів;1804
6123400000;Тернопільська;Кременецький район;45884
6123410500;Тернопільська;м. Почаїв;7737
6123800000;Тернопільська;Лановецький район;28410
6123810100;Тернопільська;м. Ланівці;8401
6124200000;Тернопільська;Монастириський район;25889
6124210100;Тернопільська;м. Монастириська;5551
6124255500;Тернопільська;смт Коропець;3146
6124600000;Тернопільська;Підволочиський район;40668
6124610500;Тернопільська;м. Скалат;3833
6124655100;Тернопільська;смт Підволочиськ;7754
6124800000;Тернопільська;Підгаєцький район;17534
6124810100;Тернопільська;м. Підгайці;2654
6125000000;Тернопільська;Теребовлянський район;62962
6125010100;Тернопільська;м. Теребовля;13325
6125055300;Тернопільська;смт Дружба;1889
6125055400;Тернопільська;смт Микулинці;3604
6125200000;Тернопільська;Тернопільський район;67199
6125255200;Тернопільська;смт Велика Березовиця;8495
6125255400;Тернопільська;смт Великі Бірки;3378
6125500000;Тернопільська;Чортківський район;42832
6125555700;Тернопільська;смт Заводське;3334
6125800000;Тернопільська;Шумський район;32625
6125810100;Тернопільська;м. Шумськ;5417
6300000000;Харківська;Харківська область;2658461
6310100000;Харківська;м. Харків;1443207
6310400000;Харківська;м. Ізюм;46653
6310700000;Харківська;м. Куп'янськ (міськрада);54572
6310710100;Харківська;м. Куп'янськ;27584
6310745400;Харківська;смт Ківшарівка;18496
6310745700;Харківська;смт Куп'янськ-Вузловий;8492
6311000000;Харківська;м. Лозова (міськрада);63275
6311010100;Харківська;м. Лозова;54618
6311045400;Харківська;смт Панютине;7058
6311200000;Харківська;м. Люботин (міськрада);23501
6311210100;Харківська;м. Люботин;20646
6311500000;Харківська;м. Первомайський;29357
6312000000;Харківська;м. Чугуїв (міськрада);32724
6312010100;Харківська;м. Чугуїв;31861
6320200000;Харківська;Балаклійський район;78337
6320210100;Харківська;м. Балаклія;27249
6320255300;Харківська;смт Андріївка;8590
6320255700;Харківська;смт Савинці;5338
6320256000;Харківська;смт Донець;8680
6320400000;Харківська;Барвінківський район;20087
6320410100;Харківська;м. Барвінкове;8309
6320600000;Харківська;Близнюківський район;17799
6320655100;Харківська;смт Близнюки;3603
6320800000;Харківська;Богодухівський район;37563
6320810100;Харківська;м. Богодухів;15020
6320855300;Харківська;смт Гути;1685
6320855700;Харківська;смт Шарівка;1586
6321000000;Харківська;Борівський район;15972
6321055100;Харківська;смт Борова;5277
6321200000;Харківська;Валківський район;30791
6321210100;Харківська;м. Валки;8783
6321255400;Харківська;смт Ков'яги;3002
6321256000;Харківська;смт Старий Мерчик;1822
6321400000;Харківська;Великобурлуцький район;21256
6321455100;Харківська;смт Великий Бурлук;3717
6321455600;Харківська;смт Приколотне;1985
6321600000;Харківська;Вовчанський район;44448
6321610100;Харківська;м. Вовчанськ;17942
6321655300;Харківська;смт Білий Колодязь;3759
6321655500;Харківська;смт Вільча;1679
6321655800;Харківська;смт Старий Салтів;3399
6321700000;Харківська;Зміївський район;69135
6321710100;Харківська;м. Зміїв;14254
6321755300;Харківська;смт Зідьки;3769
6321755600;Харківська;смт Слобожанське;14017
6321800000;Харківська;Дворічанський район;16568
6321855100;Харківська;смт Дворічна;3459
6322000000;Харківська;Дергачівський район;92829
6322010100;Харківська;м. Дергачі;17655
6322055600;Харківська;смт Козача Лопань;5087
6322055900;Харківська;смт Мала Данилівка;8200
6322056200;Харківська;смт Вільшани;6805
6322056500;Харківська;смт Пересічне;6960
6322057000;Харківська;смт Прудянка;1807
6322057300;Харківська;смт Слатине;6158
6322057600;Харківська;смт Солоницівка;13526
6322200000;Харківська;Зачепилівський район;14491
6322255100;Харківська;смт Зачепилівка;3416
6322600000;Харківська;Золочівський район;24739
6322655100;Харківська;смт Золочів;8053
6322800000;Харківська;Ізюмський район;16416
6323100000;Харківська;Кегичівський район;20353
6323155100;Харківська;смт Кегичівка;5858
6323155600;Харківська;смт Слобожанське;2679
6323200000;Харківська;Коломацький район;6677
6323255100;Харківська;смт Коломак;2723
6323300000;Харківська;Красноградський район;43034
6323310100;Харківська;м. Красноград;20272
6323500000;Харківська;Краснокутський район;26907
6323555100;Харківська;смт Краснокутськ;7348
6323555400;Харківська;смт Костянтинівка;1138
6323700000;Харківська;Куп'янський район;23180
6323900000;Харківська;Лозівський район;27331
6323955400;Харківська;смт Краснопавлівка;6843
6323955700;Харківська;смт Орілька;2999
6324200000;Харківська;Нововодолазький район;31472
6324255100;Харківська;смт Нова Водолага;10734
6324255300;Харківська;смт Бірки;537
6324500000;Харківська;Первомайський район;14747
6324600000;Харківська;Печенізький район;9617
6324655100;Харківська;смт Печеніги;5112
6324800000;Харківська;Сахновщинський район;20181
6324855100;Харківська;смт Сахновщина;7105
6325100000;Харківська;Харківський район;176186
6325110700;Харківська;м. Мерефа;21598
6325111000;Харківська;м. Південне;7461
6325155300;Харківська;смт Бабаї;6643
6325155600;Харківська;смт Безлюдівка;9363
6325155800;Харківська;смт Березівка;1584
6325156100;Харківська;смт Буди;5969
6325156400;Харківська;смт Васищеве;5775
6325156700;Харківська;смт Високий;9945
6325157000;Харківська;смт Коротич;5027
6325157300;Харківська;смт Кулиничі;2982
6325157600;Харківська;смт Манченки;732
6325157900;Харківська;смт Пісочин;23537
6325158200;Харківська;смт Покотилівка;9394
6325158500;Харківська;смт Рогань;3381
6325158800;Харківська;смт Утківка;1191
6325159100;Харківська;смт Хорошеве;4119
6325400000;Харківська;Чугуївський район;45362
6325455300;Харківська;смт Введенка;2363
6325455600;Харківська;смт Кочеток;2986
6325455900;Харківська;смт Малинівка;7564
6325456200;Харківська;смт Новопокровка;4741
6325456700;Харківська;смт Чкаловське;3779
6325456800;Харківська;смт Есхар;5296
6325700000;Харківська;Шевченківський район;19694
6325755100;Харківська;смт Шевченкове;6780
6500000000;Херсонська;Херсонська область;1027913
6510100000;Херсонська;м. Херсон (міськрада);324602
6510110100;Херсонська;м. Херсон;286958
6510165300;Херсонська;смт Антонівка;12752
6510165600;Херсонська;смт Зеленівка;5757
6510165800;Херсонська;смт Наддніпрянське;1070
6510166400;Херсонська;смт Комишани;6828
6510300000;Херсонська;м. Гола Пристань (міськрада);14182
6510310100;Херсонська;м. Гола Пристань;13971
6510400000;Херсонська;м. Каховка;35795
6510700000;Херсонська;м. Нова Каховка (міськрада);65783
6510710100;Херсонська;м. Нова Каховка;45422
6510745300;Херсонська;смт Дніпряни;4089
6510770800;Херсонська;м. Таврійськ;10360
6520300000;Херсонська;Білозерський район;64790
6520355100;Херсонська;смт Білозерка;9494
6520600000;Херсонська;Бериславський район;45931
6520610100;Херсонська;м. Берислав;12250
6520655400;Херсонська;смт Козацьке;3700
6520900000;Херсонська;Великоолександрівський район;24494
6520955100;Херсонська;смт Велика Олександрівка;6538
6520955400;Херсонська;смт Біла Криниця;1194
6520955700;Херсонська;смт Калинівське;1100
6520956000;Херсонська;смт Кар'єрне;339
6521200000;Херсонська;Великолепетиський район;15961
6521255100;Херсонська;смт Велика Лепетиха;7958
6521500000;Херсонська;Верхньорогачицький район;11217
6521555100;Херсонська;смт Верхній Рогачик;5295
6521800000;Херсонська;Високопільський район;14119
6521855100;Херсонська;смт Високопілля;3942
6521855200;Херсонська;смт Архангельське;1780
6522100000;Херсонська;Генічеський район;58331
6522110100;Херсонська;м. Генічеськ;19424
6522155400;Херсонська;смт Новоолексіївка;10114
6522155700;Херсонська;смт Рикове;3503
6522300000;Херсонська;Голопристанський район;44639
6522600000;Херсонська;Горностаївський район;18993
6522655100;Херсонська;смт Горностаївка;6467
6522900000;Херсонська;Іванівський район;13172
6522955100;Херсонська;смт Іванівка;4427
6523200000;Херсонська;Каланчацький район;21032
6523255100;Херсонська;смт Каланчак;9212
6523255400;Херсонська;смт Мирне;1858
6523500000;Херсонська;Каховський район;34521
6523555100;Херсонська;смт Любимівка;5570
6523800000;Херсонська;Нижньосірогозький район;15033
6523855100;Херсонська;смт Нижні Сірогози;4626
6524100000;Херсонська;Нововоронцовський район;20251
6524155100;Херсонська;смт Нововоронцовка;6162
6524400000;Херсонська;Новотроїцький район;34747
6524455100;Херсонська;смт Новотроїцьке;10645
6524455500;Херсонська;смт Сиваське;4211
6524700000;Херсонська;Скадовський район;46043
6524710100;Херсонська;м. Скадовськ;17640
6524755500;Херсонська;смт Лазурне;3107
6525000000;Херсонська;Олешківський район;70128
6525010100;Херсонська;м. Олешки;24520
6525055300;Херсонська;смт Брилівка;4222
6525055700;Херсонська;смт Нова Маячка;6757
6525400000;Херсонська;Чаплинський район;34149
6525455100;Херсонська;смт Чаплинка;9622
6525455300;Херсонська;смт Асканія-Нова;2638
6800000000;Хмельницька;Хмельницька область;1254702
6810100000;Хмельницька;м. Хмельницький;273713
6810400000;Хмельницька;м. Кам'янець-Подільський;98970
6810500000;Хмельницька;м. Нетішин;36746
6810600000;Хмельницька;м. Славута;35230
6810700000;Хмельницька;м. Шепетівка;41189
6810800000;Хмельницька;м. Старокостянтинів;34455
6820300000;Хмельницька;Білогірський район;25403
6820355100;Хмельницька;смт Білогір'я;5212
6820355600;Хмельницька;смт Ямпіль;1854
6820600000;Хмельницька;Віньковецький район;22740
6820655100;Хмельницька;смт Віньківці;6093
6820900000;Хмельницька;Волочиський район;48875
6820910100;Хмельницька;м. Волочиськ;18604
6820955300;Хмельницька;смт Війтівці;827
6820955700;Хмельницька;смт Наркевичі;1484
6821200000;Хмельницька;Городоцький район;45429
6821210100;Хмельницька;м. Городок;15919
6821255500;Хмельницька;смт Сатанів;2367
6821500000;Хмельницька;Деражнянський район;30458
6821510100;Хмельницька;м. Деражня;9969
6821555400;Хмельницька;смт Вовковинці;2432
6821555700;Хмельницька;смт Лозове;1519
6821800000;Хмельницька;Дунаєвецький район;59576
6821810100;Хмельницька;м. Дунаївці;15914
6821855300;Хмельницька;смт Дунаївці;2368
6821855700;Хмельницька;смт Смотрич;1779
6822100000;Хмельницька;Ізяславський район;41972
6822110100;Хмельницька;м. Ізяслав;16336
6822400000;Хмельницька;Кам'янець-Подільський район;63302
6822455800;Хмельницька;смт Стара Ушиця;2103
6822700000;Хмельницька;Красилівський район;49345
6822710100;Хмельницька;м. Красилів;18754
6822755200;Хмельницька;смт Антоніни;2180
6823000000;Хмельницька;Летичівський район;26490
6823055100;Хмельницька;смт Летичів;10244
6823055400;Хмельницька;смт Меджибіж;1296
6823300000;Хмельницька;Новоушицький район;26983
6823355100;Хмельницька;смт Нова Ушиця;4001
6823600000;Хмельницька;Полонський район;42648
6823610100;Хмельницька;м. Полонне;20620
6823655400;Хмельницька;смт Понінка;7120
6823900000;Хмельницька;Славутський район;28018
6824200000;Хмельницька;Старокостянтинівський район;27023
6824400000;Хмельницька;Старосинявський район;19093
6824455100;Хмельницька;смт Стара Синява;5221
6824700000;Хмельницька;Теофіпольський район;25353
6824755100;Хмельницька;смт Теофіполь;6396
6824755300;Хмельницька;смт Базалія;1520
6825000000;Хмельницька;Хмельницький район;52955
6825055500;Хмельницька;смт Чорний Острів;956
6825200000;Хмельницька;Чемеровецький район;38770
6825255100;Хмельницька;смт Чемерівці;5170
6825255400;Хмельницька;смт Закупне;1409
6825500000;Хмельницька;Шепетівський район;32100
6825555300;Хмельницька;смт Гриців;3467
6825800000;Хмельницька;Ярмолинецький район;27866
6825855100;Хмельницька;смт Ярмолинці;7315
7100000000;Черкаська;Черкаська область;1192137
7110100000;Черкаська;м. Черкаси (міськрада);275665
7110110100;Черкаська;м. Черкаси;274762
7110200000;Черкаська;м. Ватутіне (міськрада);16843
7110210100;Черкаська;м. Ватутіне;16200
7110300000;Черкаська;м. Канів;23597
7110400000;Черкаська;м. Золотоноша (міськрада);28601
7110410100;Черкаська;м. Золотоноша;27664
7110500000;Черкаська;м. Сміла (міськрада);66976
7110510100;Черкаська;м. Сміла;66972
7110800000;Черкаська;м. Умань;82603
7120300000;Черкаська;Городищенський район;38487
7120310100;Черкаська;м. Городище;13433
7120355400;Черкаська;смт Вільшана;3002
7120355700;Черкаська;смт Цвіткове;1178
7120600000;Черкаська;Драбівський район;32932
7120655100;Черкаська;смт Драбів;6243
7120900000;Черкаська;Жашківський район;35145
7120910100;Черкаська;м. Жашків;13451
7121200000;Черкаська;Звенигородський район;42176
7121210100;Черкаська;м. Звенигородка;16643
7121500000;Черкаська;Золотоніський район;39349
7121800000;Черкаська;Кам'янський район;25767
7121810100;Черкаська;м. Кам'янка;11328
7122000000;Черкаська;Канівський район;18587
7122200000;Черкаська;Катеринопільський район;23093
7122255100;Черкаська;смт Катеринопіль;5443
7122255400;Черкаська;смт Єрки;3932
7122500000;Черкаська;Корсунь-Шевченківський район;40625
7122510100;Черкаська;м. Корсунь-Шевченківський;17589
7122555500;Черкаська;смт Стеблів;3390
7122800000;Черкаська;Лисянський район;22202
7122855100;Черкаська;смт Лисянка;7618
7123100000;Черкаська;Маньківський район;26211
7123155100;Черкаська;смт Маньківка;7588
7123155300;Черкаська;смт Буки;1747
7123400000;Черкаська;Монастирищенський район;34817
7123410100;Черкаська;м. Монастирище;8494
7123455500;Черкаська;смт Цибулів;3512
7123700000;Черкаська;Смілянський район;31264
7124000000;Черкаська;Тальнівський район;31874
7124010100;Черкаська;м. Тальне;13156
7124300000;Черкаська;Уманський район;41994
7124355300;Черкаська;смт Бабанка;2215
7124600000;Черкаська;Христинівський район;33479
7124610100;Черкаська;м. Христинівка;10246
7124655300;Черкаська;смт Верхнячка;3547
7124900000;Черкаська;Черкаський район;73883
7124955300;Черкаська;смт Ірдинь;762
7125100000;Черкаська;Чорнобаївський район;39346
7125155100;Черкаська;смт Чорнобай;7096
7125400000;Черкаська;Чигиринський район;25410
7125410100;Черкаська;м. Чигирин;8655
7125700000;Черкаська;Шполянський район;41211
7125710100;Черкаська;м. Шпола;16616
7300000000;Чернівецька;Чернівецька область;901632
7310100000;Чернівецька;м. Чернівці;267060
7310600000;Чернівецька;м. Новодністровськ;10622
7320500000;Чернівецька;Вижницький район;55095
7320510100;Чернівецька;м. Вижниця;3917
7320510400;Чернівецька;м. Вашківці;5353
7320555300;Чернівецька;смт Берегомет;7604
7320700000;Чернівецька;Герцаївський район;33175
7320710100;Чернівецька;м. Герца;2102
7321000000;Чернівецька;Глибоцький район;74131
7321055100;Чернівецька;смт Глибока;9376
7321500000;Чернівецька;Заставнівський район;48198
7321510100;Чернівецька;м. Заставна;7860
7321555400;Чернівецька;смт Кострижівка;2614
7322000000;Чернівецька;Кельменецький район;39157
7322055100;Чернівецька;смт Кельменці;7136
7322500000;Чернівецька;Кіцманський район;68027
7322510100;Чернівецька;м. Кіцмань;6179
7322555400;Чернівецька;смт Лужани;4859
7322555700;Чернівецька;смт Неполоківці;2474
7323000000;Чернівецька;Новоселицький район;76744
7323010100;Чернівецька;м. Новоселиця;7566
7323500000;Чернівецька;Путильський район;26304
7323555100;Чернівецька;смт Путила;3423
7324000000;Чернівецька;Сокирянський район;41686
7324010100;Чернівецька;м. Сокиряни;8748
7324500000;Чернівецька;Сторожинецький район;100918
7324510100;Чернівецька;м. Сторожинець;14175
7324555400;Чернівецька;смт Красноїльськ;10351
7325000000;Чернівецька;Хотинський район;60515
7325010100;Чернівецька;м. Хотин;9132
7400000000;Чернігівська;Чернігівська область;991294
7410100000;Чернігівська;м. Чернігів;286899
7410400000;Чернігівська;м. Ніжин;68007
7410500000;Чернігівська;м. Новгород-Сіверський (міськрада);12862
7410510100;Чернігівська;м. Новгород-Сіверський;12862
7410700000;Чернігівська;м. Прилуки;53395
7420300000;Чернігівська;Бахмацький район;42381
7420310100;Чернігівська;м. Бахмач;17410
7420310300;Чернігівська;м. Батурин;2492
7420355600;Чернігівська;смт Дмитрівка;2184
7420600000;Чернігівська;Бобровицький район;31435
7420610100;Чернігівська;м. Бобровиця;10894
7420800000;Чернігівська;Борзнянський район;29500
7420810100;Чернігівська;м. Борзна;9775
7421100000;Чернігівська;Варвинський район;15186
7421155100;Чернігівська;смт Варва;7798
7421400000;Чернігівська;Городнянський район;26850
7421410100;Чернігівська;м. Городня;11852
7421700000;Чернігівська;Ічнянський район;29658
7421710100;Чернігівська;м. Ічня;10709
7421755300;Чернігівська;смт Дружба;974
7421755700;Чернігівська;смт Парафіївка;2249
7422000000;Чернігівська;Козелецький район;42282
7422010400;Чернігівська;м. Остер;5727
7422055100;Чернігівська;смт Козелець;7758
7422055400;Чернігівська;смт Десна;7372
7422200000;Чернігівська;Коропський район;21620
7422255100;Чернігівська;смт Короп;5136
7422255500;Чернігівська;смт Понорниця;1994
7422400000;Чернігівська;Корюківський район;25422
7422410100;Чернігівська;м. Корюківка;12539
7422455400;Чернігівська;смт Холми;2532
7422700000;Чернігівська;Куликівський район;15730
7422755100;Чернігівська;смт Куликівка;5132
7423000000;Чернігівська;Менський район;33730
7423010100;Чернігівська;м. Мена;11243
7423055300;Чернігівська;смт Березна;4444
7423055700;Чернігівська;смт Макошине;2133
7423300000;Чернігівська;Ніжинський район;25716
7423355400;Чернігівська;смт Лосинівка;3706
7423600000;Чернігівська;Новгород-Сіверський район;12340
7423800000;Чернігівська;Носівський район;27749
7423810100;Чернігівська;м. Носівка;13310
7424100000;Чернігівська;Прилуцький район;34406
7424155400;Чернігівська;смт Ладан;5883
7424155600;Чернігівська;смт Линовиця;2666
7424155900;Чернігівська;смт Мала Дівиця;1999
7424400000;Чернігівська;Ріпкинський район;25646
7424455100;Чернігівська;смт Ріпки;6923
7424455400;Чернігівська;смт Добрянка;2722
7424455700;Чернігівська;смт Замглай;1772
7424456000;Чернігівська;смт Любеч;1998
7424456400;Чернігівська;смт Радуль;480
7424700000;Чернігівська;Семенівський район;16790
7424710100;Чернігівська;м. Семенівка;8052
7424900000;Чернігівська;Сосницький район;17377
7424955100;Чернігівська;смт Сосниця;6796
7425100000;Чернігівська;Срібнянський район;10691
7425155100;Чернігівська;смт Срібне;3109
7425155400;Чернігівська;смт Дігтярі;1203
7425300000;Чернігівська;Талалаївський район;12065
7425355100;Чернігівська;смт Талалаївка;4745
7425500000;Чернігівська;Чернігівський район;51152
7425555200;Чернігівська;смт Гончарівське;3410
7425555400;Чернігівська;смт Михайло-Коцюбинське;2913
7425555700;Чернігівська;смт Олишівка;1860
7425556000;Чернігівська;смт Седнів;1078
7425800000;Чернігівська;Сновський район;22405
7425810100;Чернігівська;м. Сновськ;10928
8000000000;м. Київ;м. Київ;2967360
8036100000;м. Київ;Голосіївський район;253977
8036300000;м. Київ;Дарницький район;347743
8036400000;м. Київ;Деснянський район;368988
8036600000;м. Київ;Дніпровський район;358244
8038000000;м. Київ;Оболонський район;318805
8038200000;м. Київ;Печерський район;163184
8038500000;м. Київ;Подільський район;208448
8038600000;м. Київ;Святошинський район;342432
8038900000;м. Київ;Солом'янський район;383183
8039100000;м. Київ;Шевченківський район;218485
